"['USDC-USD', 'DAI-USD', 'LTC-USD', 'TUSD-USD']","['USDC-USD', 'DAI-USD', 'LEO-USD', 'TUSD-USD']","['USDC-USD', 'DAI-USD', 'XMR-USD', 'TUSD-USD']","['SOL-USD', 'USDC-USD', 'DAI-USD', 'XMR-USD']","['USDC-USD', 'SHIB-USD', 'DAI-USD', 'CRO-USD']","['USDC-USD', 'DOGE-USD', 'DAI-USD', 'XMR-USD']","['USDC-USD', 'DAI-USD', 'ATOM-USD', 'XMR-USD']","['USDC-USD', 'DAI-USD', 'XMR-USD']","['ETH-USD', 'USDC-USD', 'DAI-USD', 'CRO-USD']","['USDC-USD', 'DAI-USD', 'XMR-USD', 'HBAR-USD']"
0.0593236776473941,0.031027480464933532,0.0879647659300522,14457.62155748828,0.11796637875620387,0.15340639119382157,0.15907322194568518,0.16368235390779245,-984988.6305086603,0.17160056690936376
0.059329936082908374,0.031094105739323585,0.08801776897914126,14462.466982140832,0.1180471295221931,0.15344778506462203,0.15912623606007148,0.16373807311380334,-985297.0840383843,0.1716592180247548
0.05909190403176101,0.03087147742149854,0.08779705271156468,14441.60204671076,0.11785316223658514,0.15322663060460665,0.15891048655237983,0.16352729759753556,-983954.1348249763,0.17144835056485463
0.059446122449724026,0.031186071052900832,0.08811666124612616,14468.944155125966,0.11821605432959793,0.1535192517974648,0.1591992493084442,0.16381987563842987,-986208.9219312593,0.17173079061877328
0.058990055043408374,0.03075346731542916,0.08769932409002723,14434.799898976431,0.11791581361566976,0.15311838446949302,0.1588092330493227,0.16342346121640694,-983555.9308092846,0.1713373695774243
0.05980696339658831,0.031523129479922085,0.08845320267866019,14498.381553129933,0.11861188969186084,0.15382050543445017,0.15950975386515964,0.16412560908028437,-988273.2886196505,0.17203325571216377
0.059198188544785424,0.03091717760488666,0.08792741712045493,14450.645223040221,0.11816741851185683,0.15334176416968964,0.15903790964814501,0.16366224180224864,-985141.9736895626,0.171578371208141
0.05958952832854292,0.031249703867118117,0.08831598552825792,14483.702052497087,0.11833776204497826,0.1536723942473817,0.1593950032726752,0.16399546397847914,-986877.8296969235,0.17191810297045174
0.05939081837184634,0.030975567286679384,0.08821427282579919,14474.078836558023,0.1179760775729507,0.1536019728935607,0.15934964822532072,0.16392924155966473,-985740.7559916936,0.171870651789377
0.0577998962462547,0.029370476529788414,0.08664476458950299,14338.613069702289,0.11664338024473474,0.1521813192395548,0.15792732203853166,0.1625251545271169,-976593.0223298753,0.17047268515099012
0.05849113060784483,0.03005684240995632,0.08736088594710778,14401.696460301318,0.11720631660231777,0.15284552939186882,0.15859643779655552,0.16318270696780737,-980795.59677222,0.17112839226261944
0.05868790052846262,0.0302890078520478,0.08753433311937142,14411.088601112948,0.1172836649511506,0.15296976283329344,0.15870240830257576,0.16329597091914014,-981611.8928187843,0.17123475969025992
0.05833110902752181,0.02995314841431873,0.08722331451250853,14380.78613430739,0.11686437609873121,0.152655298106841,0.15838499779864323,0.16298701333645793,-979384.2412371123,0.1709279603454713
0.05904247241937932,0.030581922127320582,0.08782905052577472,14439.11796602732,0.11754907338375666,0.15327576991849848,0.15900020793950742,0.16360639080108413,-983631.329611809,0.17154434095926263
0.05855284006239381,0.03010735690910027,0.08737672182204814,14398.17700452551,0.11714259030050159,0.15283540611644467,0.15856489780975447,0.1631664795290465,-980679.841338357,0.1711080657035179
0.058984253951933074,0.030555063903483393,0.08775152745608794,14429.00988536625,0.11748976922794742,0.15317273488803146,0.15888892662355913,0.16350223345422588,-983100.0348654035,0.17143544077468942
0.059139148815692044,0.030793874840099433,0.0879424469145238,14444.281938705375,0.11766606802775967,0.1533428649118364,0.1590544033275203,0.1636713542239268,-984277.6625509523,0.17160241026862544
0.059093224793468124,0.03075763757076655,0.0878651639729433,14438.610173389417,0.11763648426402588,0.15328823110566245,0.1590008483958032,0.16361904039301478,-983943.4380494468,0.17155084823464095
0.05893781512875529,0.030606275704790353,0.08770791754741136,14423.640623627449,0.1174695855642473,0.15313637507372696,0.158847383197129,0.16346896912065342,-982950.3044387186,0.17140045876972032
0.059167018495785206,0.030862355202703085,0.08796444305192952,14446.965572669375,0.1176127485810501,0.15336830993169875,0.1590869080253845,0.1637031211198992,-984383.8428527163,0.17163606124575237
0.05937899956933368,0.030969400903337774,0.08815954817793414,14466.592622670665,0.11786749385197366,0.15356832564045608,0.15929129495137684,0.16390195603371877,-985638.2314159023,0.1718367856823526
0.05898917011384097,0.03063397276447688,0.0878453698020415,14436.076157359916,0.11752630732240354,0.15326472094472118,0.15897838193843672,0.16360547494828057,-983849.4859059723,0.17153748630395704
0.05910188669135785,0.030898537839600837,0.08799609365088157,14450.378852219583,0.11771000228883706,0.153403399170633,0.15911487754843323,0.16373843576969124,-984777.7236873293,0.1716683359943244
0.059000670781992115,0.03080371735530185,0.08790090816149876,14440.215310414496,0.11759567944914887,0.15329836253265536,0.15900966748714052,0.16363533152691917,-984117.3457692051,0.17156389153369445
0.05908520986531596,0.030795057201977616,0.08795124493170037,14443.090712345962,0.11763309099373867,0.15334241153519826,0.1590423030538397,0.16366748472052373,-984343.515662293,0.17159436774716408
0.05936019441017437,0.03112534525896926,0.08823551568211196,14467.178138853167,0.11791107294872016,0.15360515483134637,0.15930072170106957,0.16393095176451197,-986192.7264482928,0.1718539953686007
0.05978392270929478,0.03158228159717025,0.0886297245405645,14503.039908731793,0.11828582325433537,0.15399121160738427,0.15967523076704504,0.16429907779325176,-988620.9302326916,0.17222065375260753
0.059543954187895154,0.031236195566365255,0.08838847787872162,14482.71011154016,0.11803980904073165,0.15377347004618128,0.15946551782414664,0.16408746434344335,-987139.9475702671,0.17201275706982821
0.05952248169670382,0.03121049331736181,0.0883458488145289,14477.632100386909,0.11801503223571405,0.15373556973127608,0.15941871886029646,0.16404314992558164,-986897.8267795546,0.1719656414011571
0.059614204474448984,0.03137170178812232,0.08844335215414645,14484.103770682545,0.11815077185011738,0.1538168977025495,0.15948841889610854,0.16412110881325703,-987539.4879511464,0.17203835446150295
0.0595639189152769,0.03129052374278807,0.08836379438698838,14475.824718297532,0.11808320893421886,0.1537364783184952,0.15940700950059672,0.16404956199300316,-987147.3145053955,0.1719645309858986
0.05909524923382781,0.03084948330582238,0.08793906303178745,14437.883922748733,0.11766509636183574,0.15333410741188833,0.15900628479225243,0.1636530482616474,-984467.2328107851,0.17157107393630577
0.05948241906039653,0.031199419155358066,0.08829379409745541,14468.150895168641,0.11799402337490082,0.1536578109745807,0.1593258317843934,0.16397423014063925,-986693.3500121189,0.17188778093142631
0.059112790944249816,0.030831855764543392,0.08795996973992537,14440.96373086654,0.1176685269385503,0.15335947888898424,0.1590336745682852,0.16367247465311494,-984507.1122228829,0.17159263927652657
0.05919463415715309,0.030941912217388512,0.08806241883020482,14448.303232064514,0.11781816233127748,0.15344216967254595,0.15911344166728636,0.16375993055895616,-985256.8043861594,0.17167676225604767
0.05926324533164995,0.03098638784272889,0.08809989557438525,14454.46570763296,0.11783882174759773,0.15349595354054485,0.15917090435154035,0.16381368683066327,-985519.7237765882,0.17173221670297756
0.05947103880531057,0.03118736714565784,0.08829037726985334,14469.205228436505,0.11799039714478826,0.15365780501092166,0.15932777731609182,0.16397838837189618,-986679.8098315559,0.17189359013825756
0.05918508928368571,0.030911614479008476,0.08800510768420766,14442.980441960273,0.11774042028545624,0.15339132240541317,0.15905583504559662,0.1637152924547935,-984977.7317913603,0.17162992108459352
0.059559921474548694,0.03126815515209491,0.08834966786244991,14472.356625557528,0.1180717442791204,0.15370763557234587,0.159368477715215,0.16403131258740808,-987179.8336343328,0.171941746898451
0.05908104753498167,0.03078952448629413,0.08790859466115197,14432.927286266058,0.11764273805882215,0.153290005624399,0.15895516848533042,0.16362005942284572,-984411.0453987196,0.17153411067783664
0.059371067372073316,0.03109436146942235,0.08818280095308084,14456.02216979576,0.11790434393168508,0.15353536855132183,0.15919597295937415,0.16386608702245706,-986109.7826480372,0.17177625248281736
0.0589646989961482,0.030649817445040695,0.08777176833346623,14421.275098323822,0.11750173204558315,0.15316378883953918,0.15883138455561363,0.16350331636282914,-983613.7380655361,0.17141751531613048
0.059333802860843,0.031007543293419926,0.08809315071802648,14450.973427386765,0.1178335739177913,0.15347838987368406,0.1591429782574414,0.16381464453410405,-985710.7389446124,0.17172548292332657
0.05952775298908619,0.031215837482006292,0.0882859529666774,14468.003768685114,0.11799439653996147,0.15364465665531865,0.15931374667208842,0.1639771600021139,-986741.3259994918,0.17188725799620064
0.05953855031514943,0.031199302078661506,0.08829283961407874,14467.933945956218,0.11798532724476662,0.1536422086992641,0.15931261163255295,0.1639798534409544,-986802.5292910179,0.17188938761430028
0.059682669217449136,0.03129937501548974,0.08840987853568882,14478.93269776288,0.11807998403828131,0.15374627127278867,0.15942753159290912,0.16408503207011743,-987341.5391302835,0.1719973733870288
0.05927558053266835,0.030926736696564205,0.08800814623683484,14444.26880417089,0.11770132512755946,0.15338239460400444,0.15906347812513366,0.16372443417345828,-984904.0566763142,0.17164057805529276
0.059941262399502926,0.03160788031790818,0.08861827010524292,14495.869665044112,0.1182370206709911,0.15393522109065222,0.15961047506879977,0.16426888169426973,-988679.1345866639,0.17217685863876797
0.0600013046578014,0.03162797151495622,0.08872049826005923,14506.166407046912,0.1183832960880337,0.15404023575681336,0.15972374608123197,0.16438568890734098,-989402.7476706812,0.1722955380521527
0.05946555144626786,0.03108628044741979,0.08819457523767815,14458.105758070335,0.11790542342334209,0.15353837576216237,0.15921835803460538,0.16388622045524506,-986111.082789503,0.17179699223922174
0.0593620073365253,0.030953911921316246,0.08806891217568058,14448.382142749251,0.11779588171034806,0.15343596509401786,0.15911667182365163,0.1637880534576628,-985444.8137125317,0.17170035951009643
0.0591969336042395,0.030818248508692858,0.08795185826447849,14437.783662578455,0.1176714607974067,0.15332459033076157,0.15900788427280732,0.16367284316629355,-984598.9795679934,0.17158855398992745
0.05963008965522143,0.031227249332225315,0.08833995003750739,14473.31395778613,0.11805770116729696,0.15369598093753203,0.15937945512476748,0.16403652983299177,-987005.1671086531,0.1719503324298145
0.05929432659517753,0.030885024492004698,0.08803212037409458,14445.47883103686,0.11777305518439536,0.15340475300950138,0.1590899460963251,0.16374868443789034,-985074.8281381344,0.17166521423842762
0.059221801334690016,0.030831470114003112,0.08798401660515054,14440.48409227292,0.11772798796895464,0.15335588270559433,0.15904074053786332,0.16370437478641967,-984828.8136952929,0.17161976719638738
0.059337924320097546,0.030949941063652564,0.08809776592183438,14449.892347098328,0.11784087722927472,0.1534614693523916,0.15914512399601077,0.16381046113981781,-985585.2990755523,0.17172378962126078
0.05961311516101486,0.03121878368833353,0.08835314020387808,14473.191517743617,0.11807410546142047,0.15370521866033734,0.15939306904664818,0.16405315490965638,-987180.7884999802,0.17196528304519043
0.05936038085632367,0.030929225038091368,0.08808593289615663,14448.100942199831,0.11781620477201372,0.15345268289435982,0.1591423062225148,0.163808899643499,-985584.9812362576,0.17172139601468595
0.059167652197754994,0.03072871308636882,0.08790632184728642,14432.493548353057,0.117637614635439,0.15328476254683748,0.15897966786533702,0.16364068350955185,-984399.6960878102,0.17155489774497912
0.05933116474087252,0.030911833673825106,0.08808076403493104,14447.321131075922,0.11778357312250991,0.1534384213479655,0.15913463309399856,0.16379558390299692,-985451.1333363168,0.17170682625504263
0.059422433083774706,0.031045030722749778,0.08817220187810948,14454.25608642248,0.11787344284727658,0.1535176436139073,0.1592078488979164,0.1638717098647934,-986024.3375072749,0.17177957119967802
0.05936876954831949,0.030968600991080897,0.08810291074190646,14447.95313037817,0.11782912404594549,0.15345431453163164,0.15914380884172752,0.1638099420660602,-985660.7363789687,0.17171760910565348
0.05958338636445715,0.03120073435716919,0.08832343467977377,14469.27177160322,0.11805160501180485,0.1536670236055857,0.1593592725891697,0.16401805917872436,-987044.1368465796,0.17192468187249077
0.059399546181980956,0.031024238966824935,0.08816676467783569,14457.682044693182,0.11789696043210139,0.15352203051566837,0.15922084059491137,0.163877757297906,-986092.869412411,0.1717858875225643
0.059089164681253914,0.03070702943491821,0.08784783818528974,14428.49021837517,0.11762275064385888,0.15322052825888893,0.1589137627912519,0.16357765641769978,-984125.9882121561,0.1714857677739947
0.05962847935819904,0.03125378076694174,0.088334544778787,14468.947485107652,0.11811482933586646,0.15366592090525055,0.15934643102396384,0.1640243506859784,-987337.1840461129,0.17192321587834947
0.059463302434714316,0.031088770458531423,0.08818639770507075,14456.55203126058,0.11798903796599948,0.1535312061568228,0.15921546574184475,0.16388939409912692,-986392.1336245518,0.1717906937891045
0.05912892831583727,0.03075044901852242,0.08787135412248226,14427.754396009535,0.11769838464919787,0.1532313206730248,0.15891550955969402,0.16359375234459458,-984434.292401542,0.1714970855549054
0.05896893812133708,0.03059329759349394,0.08773579403693665,14418.612645213128,0.11750380392735568,0.15312161165297894,0.15881143404219789,0.1634862329153505,-983646.6260260576,0.1713939570988129
0.05923267552512401,0.030898140963590448,0.08800775262617067,14441.60845093349,0.1177869606862788,0.153358161755754,0.15904428857150443,0.1637184731425308,-985331.6361260433,0.17162075928751908
0.059358025515101165,0.031016197035219406,0.0880903660994995,14447.77885840826,0.11789444843760966,0.15343569875625065,0.15911613271487446,0.16379452718546975,-985941.8962143846,0.1716929365688118
0.05867892361783711,0.030370805824356695,0.08746035938308405,14389.692699584033,0.11732575832780781,0.15283877928817485,0.15851639006947804,0.16321267276150248,-982186.7997296331,0.17111150338281933
0.0590786861203384,0.030772678188959568,0.08784539836622784,14424.603236970172,0.11770846695398052,0.15320448874215692,0.15888605186659888,0.1635691469765047,-984532.8357792562,0.1714666968359898
0.05860538133033344,0.03029379374637764,0.08737805264702825,14385.194924589916,0.11726672184774115,0.15278292744773972,0.158458633266241,0.16315334377063812,-981827.1591522414,0.17105453645171986
0.05915632552457728,0.030838555032101755,0.08785450861465238,14430.60421235679,0.11781126604281976,0.15322284026425506,0.15888748661041718,0.1635872764807019,-984919.803108654,0.1714789693345644
0.05928437100261641,0.030987475427522337,0.08799034319676258,14440.38190762543,0.11783514679029676,0.15333476988485809,0.15900101210404127,0.16369567835503981,-985594.7331868662,0.17158607198154985
0.059620598579646966,0.031330778282129046,0.08833854092796434,14474.283101939305,0.11821656521983616,0.15366568384894344,0.1593387677072743,0.16402024764342832,-987618.05962977,0.17191465843929277
0.059213735801150746,0.030920109052675726,0.08794013922014499,14435.65827427087,0.11782070400680553,0.15327430871820658,0.158939645317281,0.16363625710699783,-985165.813560891,0.171529122188819
0.059476019436031646,0.031162380041282134,0.08821164239278678,14461.329105745623,0.11794968067731876,0.15353743909570933,0.15921402002455098,0.16389166224229312,-986552.970620404,0.1717911690474212
0.05891423355519887,0.030590887363755148,0.08767141114532506,14414.85901145506,0.11740772620815305,0.1530463077026405,0.15872679813494694,0.16340939029146231,-983337.8815426519,0.17131626201559258
0.059167365831089724,0.030877550206318105,0.08791275730648718,14438.769385356092,0.11774694705527985,0.153287436242153,0.15896204444051987,0.16365226067080849,-985172.361476481,0.17155675883479016
0.05965926620686279,0.03138376048384928,0.08836384576961398,14474.613344485842,0.1181476834869785,0.15367522473688458,0.1593464855289315,0.16403137893289674,-987793.5147836162,0.17192824811214213
0.059338911975721054,0.03102352888869042,0.08800762289050945,14443.117852675467,0.1178496288642993,0.1533613613893827,0.1590262685890963,0.16372277747437966,-985837.4392738137,0.1716187086478319
0.058953241276776924,0.03066981632876531,0.08767657517311112,14411.397455178245,0.1175459332678432,0.15302911649773715,0.1586883712486985,0.16339462474100033,-983717.8760973047,0.17129028694102189
0.059523025569707455,0.0312162319507453,0.08821692210420506,14461.449468467268,0.11809685176001743,0.15355185817369943,0.15921822948714914,0.16391140464044376,-987029.8465879261,0.171806898156324
0.05923877565341129,0.030954502674607975,0.08795425800718581,14440.503967037788,0.11781702088129595,0.15331660708014463,0.1589947177970289,0.1636783620505394,-985450.8368336791,0.1715780598563219
0.05912159267202233,0.03086400829832814,0.08786647391690816,14431.674007248817,0.1177016982826866,0.15321890094840537,0.15889483385777958,0.16357919980400554,-984729.3834700277,0.17148062316538304
0.05909123472119626,0.030882178473354838,0.0877995058752784,14423.083034081326,0.11769025528460957,0.15315390232658332,0.1588189766406759,0.16352239013705383,-984635.8582997089,0.17141810232110977
0.05922985515584511,0.031011536921494165,0.08791095831594875,14431.034939986173,0.11782118468584933,0.15326042070278964,0.15891044622095196,0.16363281140401115,-985573.6328194011,0.17152206232706368
0.05907967962544414,0.030885682114168866,0.08780350598684172,14422.153589536378,0.11773276659363043,0.15314907016509233,0.1588022661979498,0.1635193910447256,-984798.5626321128,0.17140876110899916
0.05883619001643814,0.030586138779080896,0.08760361127060501,14407.250032289317,0.117434405046322,0.15297915152497732,0.15864620207846836,0.16334579744612637,-983282.596046647,0.1712451113946024
0.05925906136332981,0.031025919853797657,0.0880055632216521,14441.953186019164,0.11785247838735048,0.15336268527014082,0.1590189959577577,0.1637167010323615,-985856.6663832394,0.17161072850446413
0.058977462275835,0.030730859664367727,0.0877654906899209,14422.925849719846,0.11764596195348526,0.1531472769145081,0.15882717282642322,0.16350748233289994,-984392.2278553648,0.17140670154206017
0.05983385065826674,0.03159743275262916,0.08858234270964038,14493.337647471693,0.1183963879811776,0.1538861773974571,0.15956472954432743,0.16423208705157988,-989182.9636537861,0.17212412774561525
0.05913611593526924,0.030909927682884253,0.08795985479564816,14440.730020119561,0.1177396210686367,0.15331988161559928,0.1590125332709016,0.16367253667441728,-985308.1058070995,0.17157625395469134
0.05920518744989012,0.03098398644181055,0.08801393194551077,14444.082966336748,0.11767011443839374,0.1533640059717143,0.15904743156883028,0.16371192801308038,-985618.4814278558,0.1716142226795725
0.0593265740224983,0.031124651788605573,0.08814810477633084,14457.214592440301,0.11781229039490519,0.1534919993388791,0.1591900261157172,0.16383830571202349,-986300.4215023965,0.17174311445185741
0.05962548344410923,0.03139410326906755,0.08845103546056032,14483.398821724491,0.11807866685472201,0.15376932204108612,0.15946439911907906,0.16411283233644736,-988094.7698787041,0.17201572765257855
0.05893081144574741,0.0307191820195184,0.08780239010269153,14426.834473040348,0.11750674110913016,0.15316861567792114,0.15886911025164596,0.16351979484094184,-984154.8398442697,0.17142936597752578
0.05943626477885566,0.031216345215036245,0.0882850689101945,14469.73755938295,0.11797092497201933,0.15362174935086234,0.15932942744383127,0.16396809070041224,-987133.7464249078,0.1718761414579718
0.05975316251197493,0.03149443269843444,0.08862834231276462,14502.603762841245,0.11829956230568525,0.15394983709623256,0.15966952651419541,0.1642917269721285,-988902.8031061161,0.17220857316516014
0.05974541218595719,0.0314941930328706,0.08860634114305066,14499.224815018708,0.11820972321067423,0.15392351008667676,0.1596418507230476,0.16426691871721608,-988840.9044563947,0.17218332374548473
0.059283426801657546,0.031023994797606202,0.08812391258126873,14454.761541976186,0.11779073266241635,0.1534659230603399,0.15917281803981675,0.163818975680622,-986033.8834381523,0.1717383720703014
0.059323953610664004,0.031059592618687182,0.08818509623841209,14461.55910072285,0.11782249342779631,0.15352405048323045,0.15923275981608753,0.1638757875584401,-986346.8134657452,0.1717967708348559
0.05920733789916799,0.030945162514288582,0.08808528490688106,14453.623939153491,0.11775344600880867,0.15343640048647947,0.1591472148047144,0.16378655254260538,-985606.9481969653,0.1717116667365598
0.058841341529560776,0.030592187843319518,0.08774629029565573,14423.900511898275,0.11738723075197736,0.15311801800547178,0.15882811464744817,0.16347216444175416,-983528.1397820506,0.1713984554523097
0.059056253197748876,0.030862364264763187,0.0879488411654683,14441.263385021695,0.11761564738144845,0.15331039176764885,0.15900999150359274,0.1636623010375546,-985003.4749341514,0.17158180833539916
0.06051409881219694,0.03229466950165227,0.08933078693429819,14564.368435923956,0.11893377209142894,0.1546025548124603,0.16030445969548612,0.16493212728026987,-993300.2064762134,0.17284320445915125
0.05928545284873532,0.03106504527210363,0.08816711862024296,14461.443831174984,0.1178551955141954,0.15351309415708808,0.15922224730822776,0.1638574560811034,-986114.2136136694,0.1717763939942032
0.05908734102686619,0.03085309062912467,0.08795192606683366,14442.162044267156,0.1176541630879348,0.15331182619088268,0.15901841921095905,0.163658444289513,-984834.9715073342,0.17157759961122077
0.059623242607639404,0.03138728407443281,0.08845540957279086,14487.370632009508,0.11814449209744689,0.15377734326484832,0.1594802811226408,0.1641208659624,-987994.3762847278,0.17203577240252355
0.05918892157568334,0.030926755848780685,0.08804381776559755,14454.286607310467,0.11779409389358497,0.15341094957504467,0.15912100359615577,0.16376024175601026,-985521.3971028067,0.17168087984509417
0.05887087398771296,0.030604945306619835,0.08773730898527232,14426.39017152712,0.11750615411907231,0.15311726105698337,0.1588288990643787,0.16347046438631296,-983557.8765892917,0.1713931915861906
0.05903775436766012,0.030785837895246693,0.08793123718015727,14443.37018862179,0.11765816935513133,0.15330124023226133,0.15901150256194896,0.16365161305655776,-984713.1823355742,0.17157483563365372
0.05924616536892047,0.030978937219184544,0.0881419310774455,14464.012352007601,0.11782711633430969,0.15350397837754814,0.15922716554848004,0.16384724585520957,-985827.8786986126,0.17177294721817282
0.05929398707670497,0.031020657890483916,0.08817836809318236,14466.603095409882,0.11782025383768262,0.15353174967831307,0.15925290410652815,0.1638766414116087,-985992.406456342,0.17180146613781166
0.05865286014617954,0.030368017778858225,0.08760199764048882,14417.441482668524,0.11731494279358887,0.15300908930772936,0.15873518738800108,0.1633621742919964,-982422.9562545428,0.17129455907818736
0.058750951199725954,0.030476166766483015,0.08767651987293834,14423.237316410494,0.11734788779783475,0.15307213703156886,0.1587923791290421,0.16342309873182706,-982906.5492457664,0.17135113002496227
0.05919486019069187,0.030920718469106823,0.08809870461139546,14459.900968005633,0.11774378683821549,0.15346279220555029,0.1591813753377096,0.16380783447501934,-985475.1739743175,0.17173184572753297
0.059752282372073084,0.031491845576246624,0.08861489519165833,14503.01668227755,0.11829234632654217,0.15393114727165458,0.15963802836076735,0.16426915815776683,-988659.599241362,0.1721848469837215
0.05891823160387588,0.030679621221550435,0.08786713279301295,14438.036685050713,0.11758870580351283,0.15324152138050065,0.15895577635487002,0.1635919629884783,-984062.7190047037,0.17151514993919847
0.059707204812846304,0.03145295397295944,0.08860416122803882,14504.208537853337,0.11827711958080898,0.15394499642957984,0.159655886520097,0.16428890571963872,-988709.9824139383,0.1722075793449136
0.059160314616542364,0.030874902763762146,0.08807230115111075,14457.566374795759,0.11774498401009877,0.1534310365215991,0.15915372647247483,0.16377635358632514,-985093.9115459146,0.17170063289675175
0.05915749067342835,0.030853499931025374,0.0880316872079574,14453.898682958898,0.11772484413705915,0.1533996460051951,0.159119762810511,0.16375003799544863,-984973.9408388892,0.17167357715400056
0.05914539706321553,0.030844910985642682,0.08801794769556726,14450.981937902412,0.11772788126787066,0.15337769577410507,0.15909446638164793,0.1637301454180368,-984950.5139869824,0.17165051082248073
0.05937621977873253,0.031057251978843126,0.0881852390013147,14463.463439889718,0.11790177656161531,0.1535285070449012,0.1592345863471578,0.16388241849964905,-986132.548702769,0.17179637670765446
0.058911946940370274,0.030587967754671763,0.08777333702298284,14428.839495943714,0.11745902769931044,0.15315122769317296,0.15886578250538885,0.16350883288000687,-983436.55695906,0.17143061574856222
0.06012676543280093,0.03180077279621785,0.08892996241192186,14529.9400337197,0.11851513906268028,0.15422320770034365,0.1599346627274577,0.1645625583611764,-990388.2783159204,0.17247767106354317
0.05925989815038546,0.0308845192999867,0.08809590820532576,14456.323294213362,0.11771215838422544,0.15344166994075722,0.1591681068009766,0.16379708712196353,-985185.6306863297,0.17172033656721442
0.059600370695633065,0.031240437950311173,0.08842003846267266,14484.68798042988,0.11797086934952866,0.15371116839067853,0.15944814336502067,0.1640505727601257,-986734.358802651,0.1719741305939979
0.055830660471283045,0.02756473355809408,0.08293508689784657,13843.674943540158,0.11216155212625864,0.14692815140145632,0.15250380233089544,0.15701399804425248,-942793.0745033557,0.1647303508401089
0.058431842522362665,0.030052102452771234,0.08658645384645569,14283.856935714663,0.11618326623922234,0.1516117255969103,0.1572835817766004,0.1618945324797367,-973497.4371179575,0.16975396459059577
0.059103666088237916,0.030737208712717345,0.08781121352856469,14425.87071857028,0.11751135632687205,0.1531252493304434,0.15883182816109376,0.16347272286569958,-983320.0296569727,0.17138242728054698
0.05924593461715055,0.030904252335760884,0.08801029503332924,14445.649839787366,0.11770412044952752,0.1533239502222946,0.1590478971869541,0.1636674577875283,-984508.3346430566,0.17158084045155952
0.060109617614419686,0.031730749107961476,0.08887379698309894,14526.60644651072,0.11856882999992999,0.1541858896701199,0.15991510751875515,0.1645335483250687,-990143.876653729,0.1724488366522866
0.059648260126482944,0.031284226736824405,0.08842746814159286,14485.34290761534,0.11808629168023865,0.15375391559789353,0.1594813475368667,0.16410334926757641,-987338.3525707824,0.1720184255027306
0.05867714568305671,0.030350439426103604,0.08750322885586759,14405.534710880194,0.11725779385330412,0.15290247723233774,0.15862764564773357,0.163263090957622,-981699.234312146,0.17118470924299922
0.06033243588874315,0.03202368226305308,0.08908995850950552,14541.801156330665,0.11872573826809125,0.1543405141145011,0.16005194002065992,0.16467689199067967,-991217.7670186851,0.17258265140154716
0.06052632386380219,0.03222519481879638,0.08927388823647298,14559.169145477557,0.11894895105613532,0.15453327633205416,0.1602369309544679,0.16487333318336772,-992643.0338862799,0.1727775162073285
0.06013072961147492,0.03181135377815025,0.08877954878873251,14505.301023755193,0.11846513967209954,0.15394782171509414,0.15963998725833228,0.16427418916100342,-988784.3135046698,0.1721666983251149
0.05853225470133283,0.030210526646820002,0.08728521196957262,14377.998147005099,0.11697561628634293,0.1525980804064907,0.1582994150244692,0.16294281441518504,-979661.4556529,0.17085307468825806
0.059250911579902255,0.03096099282460707,0.08807441074475653,14450.674520966815,0.11769789712544335,0.15336743915239615,0.15907088515132695,0.16370971121242509,-984689.5294683222,0.17162046867708547
0.05920135133757365,0.030953851409168065,0.08801403771081595,14442.852067646658,0.11769679998566415,0.1533041993954118,0.15899358570272382,0.1636490828182596,-984489.1450889837,0.17155321135415358
0.05929210629522985,0.031040000188617634,0.08810633686896907,14452.580661766682,0.11781766625805261,0.1534371879610938,0.15911761717941486,0.1637983411014867,-985627.2058308488,0.1717025738335417
0.05925223905202037,0.03098178126149287,0.08807440811553113,14449.02014919756,0.11776872845735868,0.15339500466277503,0.15907809994522126,0.16375412865216826,-985285.4274779968,0.17165959129952835
0.05968615984752279,0.03146643339835886,0.08851454442577833,14487.987561119837,0.11820937981548175,0.15380939949560757,0.15949020081224574,0.16416620864297637,-988089.5869859215,0.17206854838608932
0.0596101466081973,0.031336353751853285,0.08844118767708198,14483.446000218406,0.11813002397319837,0.15374121962373843,0.15943460645765262,0.16408980755582012,-987307.5517142741,0.17199866107707873
0.05912194970871443,0.030822138855907788,0.08795374424862845,14442.521053506134,0.11768482800787566,0.15330586436483934,0.15900435854284511,0.1636626738090409,-984390.071612766,0.17157606186833874
0.0595904621654505,0.03132524542232917,0.08839543803496486,14479.080072119483,0.11809189243505651,0.15370623226905272,0.15939230556122375,0.1640596806441177,-987271.5413092608,0.17196815040873148
0.0590762205238301,0.030784918385262983,0.08791025731806701,14438.974848145444,0.11759468663572434,0.15327180259244783,0.15896725823839286,0.16363125197738396,-984197.0116591342,0.17154740970018068
0.0593888333834478,0.031113983260699474,0.0881841243356678,14461.378821399063,0.11788098232406335,0.15351487425094562,0.15919969111641763,0.16386764252926142,-985896.8437122749,0.17178117396519899
0.05954063468956827,0.03127383795034988,0.08834512788593585,14475.233669677633,0.11804655793595602,0.15367383471143894,0.1593515749910578,0.1640171244985048,-986939.1564746564,0.17192887958177572
0.058906884409785754,0.030639765184396817,0.08774584955127818,14420.53935990417,0.1174434664204038,0.15309700309412266,0.15877642828590477,0.1634542621452074,-983193.7939363997,0.1713686681884371
0.05955002244510055,0.031307167868000474,0.08838945483574245,14478.903907286425,0.11805449150800354,0.15372735391515727,0.15939148789683077,0.16405583871320306,-987123.7648308743,0.17196678251518682
0.059441943480553094,0.031181401520794294,0.08826439042151979,14467.500078509023,0.11795220710792952,0.1536065525925044,0.15926960837893234,0.16393899418639257,-986355.9591331761,0.17184828473155944
0.05948837919620331,0.03121555655451136,0.08829566755078921,14470.710026153087,0.11800340144769941,0.1536355567219944,0.15930531233821665,0.16396907950396208,-986523.48146269,0.17187800776666817
0.059157820428756835,0.030866173104461825,0.0879906095305677,14445.630460315268,0.1176907333488925,0.15335850145821656,0.1590407318752015,0.16370513752113203,-984670.2175873853,0.1716196717740559
0.05929348892511255,0.030994092324830858,0.08811362488550378,14456.680556508712,0.11780498978716694,0.15347536859345273,0.15915625019460566,0.16382496218559586,-985486.3075091569,0.17173829253976558
0.05950966175341643,0.03121419720939056,0.08830056726184699,14470.417521707277,0.11799063903036323,0.15363000797807072,0.1593051415306468,0.16397737238841908,-986623.5159970568,0.17188542294733478
0.0594245444254462,0.03112987995778449,0.0881990714375207,14460.846582296741,0.11790130311559578,0.1535339370790408,0.15920421791150896,0.16388125712312265,-986038.8707689131,0.17178749922048409
0.05864043862541113,0.030354315843810875,0.0874754411378722,14398.27913916763,0.11719434132790608,0.15285971172430252,0.15853681663278896,0.16321214125050365,-981411.7683099322,0.1711263553698077
0.05939552961544681,0.031123399624141457,0.08820581791223236,14464.83130314156,0.1179255520767319,0.15355404450662766,0.15922455929581614,0.16390493050226299,-986199.2086110925,0.17181206362956725
0.058706173461434585,0.030417918649605635,0.08752114881911788,14404.878630111052,0.11725423350385505,0.1529052895126511,0.15858067776911278,0.16326327350445718,-981839.4245136594,0.171174284292132
0.05887561111649009,0.03058923829825,0.08769137052799492,14420.897146554926,0.11743287432225931,0.15307469526649684,0.15875132840020867,0.1634263048453732,-982846.8030033326,0.1713376652600399
0.05924407794835107,0.031000901157871796,0.08807514018091778,14454.759915493021,0.11781791640896548,0.15343322092335696,0.15911206934168887,0.1637797729445064,-985164.3068240806,0.17168868184067032
0.05932561966415906,0.031082271364109126,0.08815044312887499,14459.942354787898,0.11782863672994441,0.15349731885683882,0.15917588138013083,0.16384217826647532,-985628.3321945071,0.17174965372544837
0.05916157508494668,0.03094027398854371,0.08799548248123534,14446.355686132098,0.1176964524071681,0.15334430843161337,0.15902288237354212,0.1636882509197916,-984629.2658321513,0.17159497489617126
0.05953382911867433,0.03130589758010227,0.08837469277861931,14481.255063927136,0.118087108321409,0.15371274590043738,0.15939193637383942,0.1640494380902291,-986938.5811603237,0.17195681199927426
0.05872739313438147,0.03050918427131044,0.08762144735646915,14415.094653273743,0.11733260131375339,0.15301792854690024,0.15869682085391268,0.16336509001792157,-982378.5506227845,0.1712782849542065
0.059157076874546966,0.030863513874984094,0.08800832348637033,14450.893683159447,0.11767850231671946,0.15338462013036255,0.15907558845620784,0.16372591781942578,-984615.2626502533,0.17164241889077403
0.0602108390868028,0.03194277869576556,0.08900855828225807,14538.778267435817,0.11866059793954556,0.1543232317395435,0.1600077358575882,0.1646593786968988,-990950.4423443126,0.17256722922645484
0.0597661080092049,0.03146897642766222,0.08858658112107654,14502.51258294769,0.11831342349077857,0.15393268963060927,0.1596242522571678,0.16427973796605191,-988365.9500033986,0.17219415141749805
0.05940078033838092,0.03110898732139955,0.08819351857625812,14465.001513752708,0.11795766175733707,0.153549473325863,0.15923100076054797,0.16390178984867806,-986018.7323309835,0.17181231666354446
0.058973101308341325,0.030685817748972943,0.08779191552169141,14427.605919465626,0.11755053860441157,0.15315277082850934,0.1588347925782131,0.16350896091796507,-983383.3521368541,0.1714209268164002
0.059212236417570785,0.030943804769174132,0.08804136241097038,14450.02574627506,0.11778384165882459,0.15339308042725816,0.1590748014749762,0.16374840224680365,-985006.6049768608,0.1716590610051868
0.05921589460531873,0.03096579744498873,0.08804104452636285,14449.654775709903,0.11782230980122346,0.15339155409847943,0.15906975584533634,0.1637471258218229,-985077.893019448,0.17165578034925022
0.05884809436263294,0.030564433017314818,0.08768118370013367,14417.911088640758,0.11748054896079897,0.15304989619254342,0.15873500268449214,0.16340701298345214,-982706.2061692113,0.17132035319368166
0.05902374480264161,0.030766517507791247,0.08788224760492724,14435.973193654616,0.11768829574166104,0.15322339464003984,0.1589179102325109,0.16357146501798858,-983736.4207824767,0.1714846625515749
0.059165032659158845,0.03089118994125928,0.08800669385836513,14450.233543955284,0.11785788132688658,0.15336272007013224,0.15906107549662563,0.16371102841911686,-984687.091263473,0.17162515572730652
0.05910803934465059,0.030849466831009864,0.0879461694065844,14445.128076382302,0.11778111164834529,0.15331605228588868,0.15901122831972136,0.16366580510496329,-984372.4000118645,0.17157988410443337
0.05998150138819491,0.03160092752770782,0.08859377610549202,14506.284945220948,0.11845281876475824,0.15397443218579496,0.15966189984115242,0.16431998218456945,-988881.0657704659,0.17222771777527646
0.059522250797146015,0.03117929085055504,0.08824224100652822,14474.387341074238,0.11803740005710375,0.15363042813338348,0.1593221536824091,0.16397907741043707,-986438.2760295551,0.1718926751278652
0.0593366070559066,0.03108246633929934,0.08816551133743089,14463.55364017839,0.11794824654661817,0.15351258979756324,0.15920418163181527,0.16386076270540026,-985644.7643795516,0.17177351512023098
0.059264322650880996,0.031021125035488595,0.08809254645964748,14456.668264259672,0.11788107364676713,0.15344829891557812,0.15913604501075274,0.16379943902243346,-985257.1059349831,0.17171114918508912
0.05926107258022306,0.030981727056381914,0.08808067173906153,14455.504781411044,0.11785948612853643,0.15344049348694921,0.15912792774798,0.1637939045742119,-985237.5434055775,0.17170524919802954
0.05912435935583371,0.03083944649570436,0.087926336566432,14441.915311290111,0.11771884683436253,0.15329532016238556,0.15897898960764945,0.1636502490170798,-984243.4510763576,0.1715602300505542
0.05887212945814546,0.03054336780096123,0.08766386369405343,14418.87884674604,0.11750404449049558,0.15305004141943535,0.15873780435336027,0.1634108141752528,-982633.2702814098,0.17132434435764277
0.0597924549098674,0.03147513106782751,0.08854348707439785,14496.27116601511,0.11837322250999788,0.15387666224221544,0.15956064660463964,0.16422923627015001,-988228.6842735894,0.1721351188487773
0.058939718080821546,0.03058188359672942,0.08772741648577653,14423.654555336558,0.11752251276797648,0.1531001373893967,0.15879540845516793,0.1634626675263465,-982913.498530766,0.1713774150783387
0.05947342800401367,0.03114702084717702,0.08825486387630033,14470.301492695391,0.11804003895589894,0.1536018588941907,0.15928833072939352,0.16396094886203733,-986319.6746455422,0.17187094990261742
0.059363922006836045,0.03105722991472204,0.08815477041518494,14461.14415381795,0.1179292425120843,0.15349753951093523,0.15919378520199312,0.163854281384154,-985579.082317126,0.17176485987582224
0.059132469914470964,0.030812281460428692,0.08795853693756817,14444.132587735105,0.11770710227845677,0.15331923976033632,0.15902173623453808,0.16368023503610532,-984365.6129381349,0.17159344853651226
0.05879494839727961,0.030465065283407977,0.08762459748008689,14414.218711603724,0.11737632152634422,0.15299773353268803,0.15870049489076432,0.16336187922110365,-982241.9780749818,0.17127634313066964
0.05949136699961399,0.031167937573143845,0.08826637520353242,14471.401455182684,0.11800636717862523,0.15360377534473585,0.1593009469029435,0.16396019110720902,-986292.8494368643,0.1718689765572179
0.05916825023674299,0.030871179139303928,0.08798450143488867,14446.557790981155,0.11775057556279081,0.15334151491299705,0.15903916080832037,0.16370258552534286,-984576.627595542,0.17161377608794381
0.0599835297925293,0.03171794734176425,0.08879803664178909,14517.988042533005,0.11852837349454447,0.15409612569014072,0.15978991784903607,0.16444541670334792,-989550.6660852022,0.17235076722748233
0.059317891551496804,0.031056024941552574,0.08817511855718063,14463.007985033502,0.11791201483879708,0.15351313740779007,0.1592118465679938,0.1638673558620391,-985602.1390424399,0.1717780897316602
0.0591249685184968,0.030895792952031154,0.08801784093288134,14450.1258606677,0.11776550787252185,0.153373704716878,0.1590723336398907,0.1637276655698727,-984646.9229790159,0.17164091639536438
0.05992309782096983,0.03169225500027795,0.08875864713542914,14514.428260005763,0.11847739787219479,0.1540633835033765,0.15975697551598178,0.16440996076257608,-989282.3484439394,0.17231642656474544
0.05919307462080281,0.03095678397444168,0.08806934933935517,14454.190791231245,0.11780156614627531,0.1534198740296966,0.1591171869566812,0.1637734661749879,-984928.8649791004,0.17168664996884841
0.05877733132087892,0.03053750470946104,0.08768231397866977,14420.915056539496,0.11742403897156135,0.15306609932517912,0.1587666530241022,0.16342514476929199,-982536.450722659,0.17134288373504503
0.05920504329911791,0.030978276622155687,0.08808696841679176,14454.453757763957,0.11779969791789795,0.15342830709136748,0.15912531690804776,0.16378223150419524,-984985.9054574035,0.17169456204722255
0.0591992482276289,0.030943648008499025,0.0880677453843256,14452.629111023067,0.11779104119647707,0.15341461401259027,0.15910880886274004,0.16376969766951274,-984925.3678000337,0.1716813935398661
0.05926399917237668,0.03101416290422543,0.08813252960244822,14458.850466118529,0.11785691548571695,0.1534757213726652,0.1591699680693479,0.16383039594286897,-985305.0249153003,0.17174158866160272
0.05953235191674766,0.03125926070759333,0.08837264384759513,14480.624481518884,0.11806194190395146,0.153708992197236,0.15940677925629987,0.16406400937152205,-986849.553536444,0.171975414150923
0.05923709889844009,0.030965056080632714,0.08808289791964752,14453.926046051944,0.11778184765422468,0.15342807167013922,0.15912544412048502,0.16378566643699732,-985010.5046470715,0.1716972403523126
0.05917740379198,0.03089078332575501,0.08801668870677648,14448.5019393096,0.11772093163300851,0.15336760733658067,0.1590665167187605,0.1637245429371666,-984564.51703812,0.17163734562548594
0.058939707416813536,0.03065651673564662,0.0878050278883139,14431.166352113054,0.11752021243803983,0.15317583958023057,0.15887362852102294,0.16353504342146827,-983287.9849981219,0.17144989560894663
0.058735764736582485,0.030488755699423775,0.08762524276596384,14413.285129788565,0.11737151233497738,0.15299532428656235,0.15869033052454018,0.1633588508495655,-982169.1830344284,0.17127177150350004
0.05922568046487087,0.03098348840789389,0.08807870742882162,14452.962470725659,0.11779719872502735,0.1534151076848929,0.15910719837203235,0.16377103852324942,-984944.611006923,0.17167982263810766
0.05944224726490055,0.031200155028655474,0.08829133630257047,14472.758946268092,0.11799564288654417,0.153614974596274,0.15930937250377397,0.16396835962499795,-986241.6034227097,0.171875987208998
0.05926206252021027,0.030997705139793053,0.08816628432411577,14466.061246880476,0.11783862951508664,0.15352527473624097,0.15923195225449005,0.1638784463610614,-985367.9888667157,0.17179616083954274
0.05935458643452385,0.031113029646001267,0.08825876401415134,14473.219259960024,0.11798983770634851,0.15360629134719614,0.15930903611490943,0.16395756323622265,-985939.7405164819,0.17187236609047196
0.0592890448136737,0.031078780553221108,0.08820853188191935,14469.806829800029,0.1178818003231495,0.15356168273320983,0.15926876477766194,0.16391189276128657,-985577.9389092484,0.1718279389994678
0.05913383233712066,0.030924748312797234,0.08805011858242717,14453.669203588172,0.1177285074862898,0.15339855820456327,0.15910161438055892,0.16375085665743033,-984597.7720276117,0.171664340010929
0.059555388503247375,0.031347912910596576,0.08843820623498444,14487.733509616548,0.11811740157561544,0.15375351234641507,0.15945460174533166,0.16410023839824636,-986992.7772170063,0.17200949996712
0.05922458988948576,0.03095568260606374,0.0881325293643126,14462.352615615164,0.11782706612532011,0.1534732729277142,0.15918753167983024,0.1638253861647226,-984928.4626641646,0.17174443288911423
0.05892513542662514,0.03066271693231626,0.08781797277260461,14432.801501490772,0.11756902087201283,0.15317823145779483,0.15888014792675542,0.16353417012705687,-983104.7060344229,0.1714499872801436
0.05929279554848821,0.031031061091855494,0.08818123835338809,14463.662259916717,0.11789896845956982,0.15351536209641023,0.15921331673101802,0.16386938548796254,-985343.6675701179,0.17178396773114635
0.059577611397275354,0.031318606815893046,0.08847131698744215,14491.63892548786,0.11817435481213366,0.15380317598496498,0.15950473211022398,0.16415311344117905,-987145.1181029323,0.17206939833768375
0.05924134715486562,0.03098163726006531,0.08815341643460195,14460.920615890063,0.11784630188321928,0.15349542182045572,0.15919202278730415,0.1638459270600068,-985085.6432149522,0.17176324152468259
0.058974537733671784,0.030718132381550634,0.08797056644460421,14440.711029376995,0.11762671151838441,0.15327337358324764,0.15897771137672,0.16362975926189322,-983500.7019316666,0.1715521675225543
0.05937888617818954,0.031067136650052563,0.08825577794090067,14469.238777100443,0.11795584574065655,0.15357896110737418,0.1592837750084508,0.16393285330691765,-985572.2654897664,0.1718519519701659
0.05957513124007985,0.03126791074706314,0.08846674440810753,14487.576590707788,0.1181516561223358,0.15378414279779823,0.159489759977682,0.1641409283745092,-987013.0374055579,0.17205918185402436
0.059203680084751964,0.03082816831424462,0.08803414766947504,14452.292194838097,0.11772480774263129,0.1533994777903726,0.15911135958075306,0.16375459390978628,-984288.1316848174,0.17167854897230217
0.059434275817900284,0.031028760617451967,0.08823321428790487,14471.10775872838,0.11790597883645748,0.15359538315042554,0.15931104163815557,0.16394807483417953,-985583.1152021121,0.17187280219278978
0.05949593185947277,0.031084581846388848,0.08828043331094881,14476.129187366503,0.11797122169457241,0.1536490200567655,0.159364521116249,0.16400071165707883,-985948.649397959,0.17192347590047397
0.059357027168235876,0.03095386996983207,0.08815550311089027,14466.090725052883,0.11785479554959795,0.153536855012701,0.1592539559270192,0.16388964130106393,-985140.4557416476,0.17181454228604454
0.059487122899585465,0.031080896259104485,0.08825629243197053,14474.666116784865,0.1179738412606451,0.1536310679967538,0.15934505916149333,0.1639837526531584,-985850.9691232434,0.1719059632040154
0.05935169335584767,0.030947072945841425,0.08812524739614924,14462.22982039483,0.11784937541359064,0.1535033367693104,0.15921187801017933,0.1638577083560242,-985036.855663944,0.17177961865970082
0.058908660580550776,0.03048542019908851,0.08769089612783976,14425.807564670424,0.11744571830233946,0.1531120527389584,0.15882259990858882,0.16347377136088034,-982432.9126933338,0.17139971613857852
0.05876670246655524,0.030359470725123794,0.08756216605179024,14414.417729859779,0.11734963176298525,0.1529968951917587,0.15870382524174076,0.16336405650606248,-981748.705393278,0.17129075554535
0.059451266516731605,0.03114494337013396,0.0882727548760257,14472.876316967682,0.11798478165594938,0.15362613860256158,0.15932145665094288,0.16398274904099064,-986010.2301203692,0.17189899997665603
0.059670947807272556,0.031435765653615944,0.08849523713562446,14487.78229879099,0.1182098710907531,0.15380718567067336,0.15949036893621804,0.16416476884242612,-987451.9401225299,0.1720732403084696
0.05872166315032934,0.030515541270026758,0.08759090868268882,14407.732859792799,0.11737724085300993,0.15296586405922144,0.15864765274718418,0.1633349777706627,-981963.78176622,0.17124835778979453
0.05870516570005435,0.030523575809759174,0.08757002175804685,14403.524655237226,0.1173591218389555,0.1529316457502295,0.15861160950077824,0.1633040267039884,-981853.6371621136,0.17121456070494856
0.05921343533721346,0.030999538834227014,0.08800616402991823,14441.061426256449,0.11782933440220093,0.1533492246416613,0.15901566087247676,0.16372502912252798,-984897.0993824257,0.17162716930452826
0.059180841179880206,0.030979860454568353,0.08797838227749666,14436.651083188073,0.11777458018163081,0.1533078814400314,0.1589721876428607,0.1636852101416114,-984669.2266119178,0.17158552448695408
0.05928291876500802,0.031100535796407702,0.08805976655639902,14442.17267852441,0.11787411596092691,0.15337725021309484,0.15903486563713476,0.1637563032421803,-985272.3159914967,0.17165203556891862
0.059734643140193056,0.031553045901953514,0.08849082969359445,14480.42227067586,0.11832570860186482,0.15377819589708158,0.1594388915556363,0.16415353248093978,-987902.5521038221,0.17204748238459078
0.059371839853261665,0.031224905073393705,0.08816676518133748,14453.448223040701,0.11800020787973568,0.15346812948908595,0.1591292153803101,0.16384452783069214,-985762.2330116183,0.17174174900593675
0.059131271693702026,0.031091115646498024,0.0880567534817186,14445.569247064996,0.1178737315011323,0.15339151955276065,0.15904702536002013,0.16377284502208234,-985318.972548889,0.17167040116296617
0.05906997429912564,0.03106484437410051,0.08799637521819603,14439.726331109341,0.11781719580019752,0.1533299528246861,0.1589888533622712,0.16370718695659825,-984864.671838928,0.1716055232145247
0.05910579816162009,0.03108261772949017,0.08805991846896333,14445.478182248247,0.11788098138402436,0.1533875279019061,0.15904377946541748,0.16376598925764996,-985300.2634418635,0.17166191189088598
0.058891247672143265,0.030800183681356064,0.08777772011508067,14420.345123569321,0.11761746619532665,0.15312359939120826,0.15878419683390044,0.16350330508803468,-983532.5771016087,0.1714000207251103
0.05964332423238372,0.031559660555396385,0.08850075083939779,14486.021102953586,0.11831568443475968,0.15381588650188163,0.1594744097265126,0.16418629447420421,-988071.38538328,0.1720800879516552
0.05922557677285312,0.031114348111008105,0.0880839360265685,14448.581969887164,0.11798513417927489,0.1534188689613616,0.15907682399004897,0.16379611849962705,-985485.0573626598,0.1716917310351247
0.060658098558661444,0.03248156139004388,0.08940262218185724,14565.422727855941,0.11925426402935331,0.1546494981748649,0.1603004721973138,0.16501264922681827,-993763.2592640594,0.17289686073311783
0.059078322349731205,0.030926072518712378,0.08790267973036348,14435.170855122182,0.11778805644279915,0.1532431592449233,0.15890281067423218,0.16362110747809247,-984294.6960532907,0.17151824426728213
0.058966131913518294,0.03081019874180546,0.0877847577010975,14425.05564016613,0.11762016459843094,0.15313785138813313,0.15879523073240187,0.16351949481616365,-983667.9948937278,0.171416568070339
0.05964939585481599,0.03151768932524868,0.08844129737993722,14482.850011685558,0.11824643240351555,0.15375381163156496,0.15941353635706368,0.16412805863017085,-987739.0129394112,0.1720214803476885
0.059177041737390135,0.031064556178594493,0.08801688555268461,14445.242017132055,0.11780979727228304,0.1533464513184342,0.159010214467456,0.1637220954413972,-984901.7430962082,0.17162038672917024
0.05919481654366887,0.031093868344421627,0.08802843571470276,14446.26795869846,0.11783884662064523,0.1533545013782201,0.15901425400163027,0.1637315650845852,-985035.8307543593,0.17162853849277138
0.059372382106952504,0.03127190486783926,0.08821212865372319,14462.682893659192,0.11801119212946043,0.1535248478052503,0.15918527781850156,0.1638985550662319,-986120.6811484545,0.1717956220362986
0.05811337127759353,0.0300345710488944,0.08702578313963794,14362.02331520956,0.11689680664916786,0.15242097194470786,0.15809034552520496,0.1628025638119197,-978633.814459675,0.17070999263560294
0.058720236602384124,0.030574018017557325,0.0875897812694405,14416.18408655851,0.117426934967141,0.1529729960485272,0.15865050796197921,0.16334948137110322,-982209.8043893576,0.17125835335388495
0.059337080038020185,0.031205622708018188,0.08814683912148469,14463.09020286535,0.11800272542719718,0.15348293650785122,0.15914256219594813,0.16385145830639955,-985805.4058721252,0.1717505131269762
0.05993091360374181,0.031798302357153196,0.0887072060378602,14512.504346445494,0.11854621971206808,0.15400857655273595,0.15966256624840347,0.16437534917981628,-989373.3865367491,0.1722691923317342
0.05893622796347697,0.030788938979597003,0.08774707714660501,14424.596173634869,0.11760997321931342,0.1530872172594539,0.15874090193074897,0.16346444400076904,-983324.8668696815,0.17136263720453926
0.05907243125621908,0.03090990130743887,0.08785857573676759,14434.513452286861,0.11771114539000094,0.1532014299569693,0.1588564399061002,0.1635780809411314,-984052.9283482963,0.17147714896596977
0.05922540308393309,0.031071788957513724,0.08802496725222342,14450.575118036679,0.1178694174043453,0.1533619238986921,0.15901538026756334,0.16373469301016916,-985079.9926976617,0.17163568063037882
0.05943871414032287,0.03130607793524942,0.08824137333944193,14467.81951304125,0.11807238513391223,0.15355654573402733,0.15921017651234226,0.16392594265288657,-986380.6358553506,0.17182508589406942
0.05923295556099706,0.031123899527967902,0.08807874030626228,14456.300304196338,0.11791956092680322,0.15342325212002692,0.15908397228841464,0.16378954967056672,-985320.7159931194,0.17169435293321944
0.05956046824036376,0.03141794374412199,0.08834150582139821,14476.864214692207,0.11816825029348794,0.1536504740441527,0.15930792411307826,0.16401333510417992,-986910.13106352,0.17191167752897307
0.05912241227522652,0.03098285622586161,0.08794164038470376,14441.357949598227,0.11778332157860692,0.1532761807068602,0.15893265078312213,0.16364421993261458,-984423.2664814126,0.17154522360049074
0.059483388040256435,0.03132402596141293,0.0882959915666186,14472.704184564733,0.11809416077386206,0.15361849795094004,0.1592727759848912,0.1639790111411551,-986600.4251545006,0.17188035365524357
0.05943598130982486,0.03126638929996062,0.08823398784092173,14466.195590141084,0.11804088931489093,0.15356495109903756,0.1592061551569366,0.16391842268066967,-986252.6059268173,0.17181804634363762
0.0596476477474972,0.031505006128207835,0.08845061907783391,14487.980389226985,0.1182632497514172,0.1537729489269315,0.15941815522228453,0.16413051809634652,-987671.1788217574,0.17202949403342704
0.05919171490901354,0.031043718929421704,0.08800663807974873,14447.168402612384,0.11781593489516508,0.15333626206477266,0.1589833448597231,0.16369482678733452,-984736.6984963343,0.17159538548657893
0.0592359412736545,0.03108893023548054,0.08806769876077392,14454.014254668917,0.1178976949661446,0.15341492980420837,0.1590636465732983,0.1637782249862052,-985288.3751840238,0.1716807047582528
0.05937154478462159,0.031249398991147426,0.08821455468437023,14466.512819155963,0.11797271098642684,0.15354765649286903,0.15919218923391532,0.16390468676601694,-986155.9618106252,0.1718055999804763
0.059117025402325774,0.03100277720965583,0.08800536802438874,14447.45577634446,0.11780429334054367,0.153342701494559,0.15899554357648504,0.1637015759202267,-984690.5859212391,0.17160648692272085
0.05927278948437087,0.031142704455846992,0.08813409542384043,14457.790664043423,0.11792884245578165,0.153461382508359,0.15910977919928004,0.16381982602392184,-985529.5873944024,0.1717222225502898
0.05832303422903595,0.0301556043874589,0.08720421642594522,14378.736025624748,0.11704295975789654,0.15261358495575528,0.15827154222834072,0.16298196483519586,-979788.2579613272,0.17089373788387185
0.05928490401817432,0.03109223822425644,0.08806857747297481,14452.886955200825,0.1178803604302597,0.1534068240233838,0.15905967467090465,0.16376730761689834,-985163.7496353928,0.17167058478611052
0.05987399441317576,0.03167432927890046,0.08862567661907916,14502.804689195662,0.11842795836382344,0.15394448588859028,0.15959450849663404,0.1643038393527242,-988781.0135661243,0.17220521416477164
0.059463976518798645,0.031260084614874284,0.08822151153881563,14466.962712125358,0.11794054691847666,0.1535549468293985,0.15920811044883343,0.16391444044043652,-986100.2174744355,0.17181891675095073
0.05932701760044279,0.031109144412631684,0.0880762218467871,14453.258706586508,0.11772988728279613,0.1534168824031501,0.15906577977723246,0.1637751050456972,-985193.7839445863,0.17167846914922047
0.059428110952308044,0.03122509874288515,0.0881899016262534,14462.528579158417,0.11790491958805799,0.1535085073334766,0.15915737270328723,0.1638665963557561,-985839.2558735637,0.1717707616373405
0.05895518796924393,0.030740707531184963,0.08775993350281486,14425.985122739716,0.11747413853817,0.15311524722234093,0.15877163505341463,0.16347979457513914,-983140.3134319484,0.17139003673030906
0.05936824307334376,0.031158594679777885,0.08813698570254758,14461.587959868964,0.11779309353114084,0.15348583139961539,0.15913797504207072,0.16384592402851156,-985608.448172722,0.1717557075734032
0.05916917375016972,0.030968015214243527,0.08798461305002991,14448.99118909343,0.1176254726838988,0.15334487840957972,0.15900181975876082,0.1637061423245979,-984583.6936707413,0.17161894790755527
0.05927737533480182,0.03106487893540988,0.08809304300937815,14458.893183011387,0.11772068189629599,0.1534446013548954,0.1591008080545263,0.16380279119534655,-985202.8795433668,0.17171463297893752
0.05942759334363068,0.031222536929735867,0.0882294210049196,14469.999681238463,0.11785191496505379,0.1535656419768665,0.15921812363275112,0.16392215452660294,-986052.8246353259,0.17183067670138763
0.05922072196370021,0.03100911851836008,0.08801532412312663,14451.183796271565,0.1175822402651378,0.15336601000352515,0.15901748597344778,0.16372397821728762,-984744.7219309146,0.17163292529358443
0.059572574575015746,0.03137433548939661,0.08835562904798588,14479.543055995673,0.11797604011560327,0.1536744515311152,0.15932441940132713,0.16403125815112668,-986856.8259228561,0.17193701151622265
0.05901292581039075,0.030815134674404,0.08784618856964932,14435.661218491849,0.1174734900768434,0.15319764968971059,0.1588532938333248,0.16356152187134554,-983650.9944006363,0.1714767985946929
0.05949581943134585,0.03126280014516758,0.08827719831594172,14473.944752515934,0.11787243496958999,0.15360465153822073,0.15926205471467547,0.16396460088281972,-986295.0474488931,0.17187941289553943
0.05959536350998462,0.03133828556574936,0.08834790207843335,14479.345905283379,0.11798771798205536,0.1536653269331427,0.1593247567086108,0.16402712054680316,-986685.9757716199,0.17193999283572448
0.060202519469438,0.03187250725216073,0.08894373178728943,14538.109087587902,0.1185612398440846,0.15425714289120832,0.15994096095212507,0.16461250130980815,-990282.7592477538,0.17253300788328696
0.059633030866962256,0.03129174467494067,0.08837108347284661,14484.823389851474,0.11793299788500591,0.1537019153690824,0.15938362051486266,0.16405955128569755,-986652.5880575255,0.17198131907223224
0.05953629103513336,0.031170535581654613,0.08826448547354437,14476.548158299658,0.11791426222959521,0.1536108861557334,0.1592933245466106,0.16397044016372997,-986061.6605930738,0.17189595548733927
0.0595135926117768,0.031145580734480482,0.08821422345222218,14470.782595837722,0.11788509005426935,0.15356041667132664,0.15923866479966275,0.1639221723923494,-985836.5499240002,0.17184248244585876
0.05986461222749451,0.031510766468194285,0.08855503638750917,14498.182206844634,0.11821691322591944,0.15386393828596662,0.15953227022279304,0.16422426264449402,-987992.6895310897,0.17213843094678782
0.05923185552219057,0.030864519351088693,0.0879752277532333,14447.721314658833,0.11762156953878095,0.1533206570955925,0.15899859245433579,0.16368370163487495,-984210.6399228917,0.171605809331557
0.05933625677275911,0.03098303525789936,0.08809638971829847,14461.796250960702,0.11773622929085445,0.15345167045177988,0.1591338476207651,0.16381177365097124,-984928.4679809185,0.17173817151601312
0.058910200896598264,0.030537997246500193,0.08769801109288267,14426.410144382855,0.1173131141394122,0.15306698315582432,0.15875683046086808,0.16342545176640283,-982195.4597049309,0.17135627000866105
0.05930307204002794,0.030938693236486126,0.0880742505801958,14459.261089604785,0.11768898666239477,0.1534282935484319,0.15911439261320415,0.16378577664014032,-984675.9916185178,0.17171317789611595
0.059532867624224384,0.0311757322326216,0.08827661287123212,14475.024213117562,0.1178969568399087,0.1536068598861797,0.15928426497488113,0.16396417425302948,-986009.9038301175,0.17188566488911639
0.059260004337204686,0.030890107329543892,0.08799353250156439,14450.13227957797,0.11763719036499275,0.15334423538594702,0.1590187978943114,0.16370647684687153,-984331.3078469262,0.1716282231979902
0.05911121259185215,0.030749012879198068,0.08786848689035698,14437.830330114986,0.11752588627096865,0.15321568281306105,0.15889161768330717,0.16357807462604254,-983489.1423574509,0.17149934782564036
0.05915105058332337,0.030821965977650634,0.08790564554446445,14443.189860960396,0.11758354007192705,0.15326801120200964,0.15894031789018692,0.16362946332704356,-983800.6251557637,0.17155007846964676
0.05928787668126034,0.03096369475839378,0.08808615348478521,14459.730415002705,0.11771504056128844,0.15343820570758931,0.15911728855142615,0.16379508739018828,-984758.049960183,0.17171848369187237
0.05956029735011481,0.031229128974042508,0.0883354013092279,14479.084554462243,0.1179370002576986,0.1536568642013512,0.15933048897999347,0.16401372205801443,-986328.0933878338,0.17193298179161443
0.059353804788743414,0.031020042831921835,0.08816206755755385,14464.42027404622,0.11774871677489056,0.15349825742039605,0.1591743301894344,0.16385613104063898,-985184.1995540429,0.17177862972537217
0.059134866601997405,0.030785788036036377,0.08793828130763903,14446.028696099602,0.11754151346467709,0.1532978964176575,0.158979192339345,0.1636576318294512,-983809.6331312032,0.1715823868164873
0.059275563660170505,0.030893952890215348,0.08807042394412412,14456.878743203051,0.117674334816274,0.15341460938226878,0.1590934390148161,0.16377347968718473,-984632.6021067658,0.171695475007013
0.059276656906561365,0.030891863783923945,0.08806368156818922,14455.990556730758,0.11773562098253662,0.15340707684264207,0.15908392802859672,0.16376595409928627,-984600.4068465456,0.17168729212325817
0.059219439246694594,0.030832169695733436,0.08801950246884238,14453.8324614218,0.11760252541257972,0.15336617044371648,0.15904970043142974,0.1637207647313787,-984179.4944362203,0.17164564281621608
0.059379421837971846,0.031010724948458246,0.08816031800237611,14464.208576874516,0.11776145433242143,0.15349673657000965,0.1591731415111104,0.1638553631325458,-985230.4218080183,0.17177572857765921
0.059650343729876654,0.03127900919291926,0.08841990932551103,14488.960946511303,0.11804553886240764,0.15376076240924355,0.15943580330199258,0.16412071999470731,-987031.0832799505,0.17204051698864176
0.059168571041871454,0.030806663842310567,0.08794571380077554,14444.397492211094,0.11758758408019543,0.15329163712254346,0.15896498270865456,0.1636537745607417,-983948.5200983295,0.1715742604544621
0.059219302417758635,0.030860473008870848,0.08799970838426074,14449.438787841063,0.1176297041934581,0.15334513786051904,0.1590197662407571,0.163706875484347,-984280.7493079295,0.17162723078384579
0.05976289190141404,0.031406504851855366,0.08849523611462728,14490.89329165277,0.11817848497949021,0.15379553492348372,0.15946658814301184,0.16415145778516757,-987326.8723947098,0.17206569200928012
0.059074760323733266,0.03065041166730187,0.08784609928281817,14435.22612652948,0.1175094046658195,0.1531977063186029,0.15887656545936402,0.16356046241380268,-983242.0052924575,0.17148349227432103
0.05976673630064,0.031358278526410155,0.08851118384901657,14494.56148143948,0.1181699829613719,0.15383076403430734,0.15950418192585947,0.16418797571838428,-987474.0031785034,0.17210597142389006
0.059220067483940375,0.03080230385713678,0.08796988706421538,14447.006431459638,0.11766403859754627,0.15332696299121848,0.15900091112366332,0.16369149179922704,-984175.5216914145,0.17161291268544931
0.059679201369560175,0.03127547950422205,0.08839681582500103,14483.540653319636,0.11810028056416105,0.153722439515774,0.15939030777780516,0.16408409433464147,-986938.1762663126,0.17199953976054516
0.059469087660117714,0.031096734276869653,0.08824034307833162,14470.19159142513,0.11795226085717807,0.15358036805110362,0.1592491504807726,0.16394629584001422,-986001.4165681712,0.1718639844281714
0.059316111438867725,0.030912651521285417,0.08806503152921019,14455.845176075396,0.11777417106491217,0.15341898410353524,0.1590963398647387,0.16378278997031542,-984825.3171349186,0.1717028824293747
0.058843398972355465,0.030424372943581912,0.08759991707835335,14413.496910971386,0.1173239243491918,0.1529743156564719,0.15864998246112583,0.16334425673499728,-981912.9492915235,0.17126559930731444
0.0594570744634666,0.03106286238233391,0.08819445186279107,14466.928532764956,0.1179058445455927,0.1535350133669218,0.15921216087749324,0.16389794240581398,-985652.5985585861,0.1718145583889471
0.05924674264660268,0.030879101305289813,0.08799553103251068,14448.958739135967,0.11772307440424641,0.15334646920932857,0.15902209790486121,0.16371255106936755,-984457.0311202649,0.1716294465175222
0.059691175324471435,0.03133043203309882,0.08840395292042347,14485.295528280127,0.1181226996530617,0.1537317582118317,0.15940141770398442,0.16409452733202384,-987074.8621149948,0.17200785343561098
0.05979258693170175,0.031452817784606846,0.08851986244891086,14494.29553418787,0.11820185126439395,0.15382589771745594,0.15949948654501156,0.1641841747232061,-987636.03969693,0.1720976638432854
0.05939187767580201,0.031048867385353063,0.08815025585665748,14462.096633849971,0.11784057207787997,0.15348310911400379,0.1591591474250541,0.16384625582036916,-985317.0978200976,0.17176396951680684
0.05900456642110008,0.030647734610288135,0.08778115751863147,14430.946809171437,0.11740155587878591,0.1531407924815152,0.15882412843188964,0.16350389366195214,-982895.6184241138,0.17142770287189868
0.05937246875689106,0.030981400111450674,0.08812454649628398,14460.605731505522,0.11781429394950199,0.15346284712895114,0.15914042427940622,0.16382593066534268,-985147.8283546446,0.1717448032407477
0.05920585148185897,0.03084361839887384,0.08797722563573862,14446.810936936134,0.11766701394628992,0.1533181612012546,0.15899566348341876,0.16368298858418803,-984197.2030047011,0.17160253464387587
0.05912707824667918,0.030741441414314674,0.08791438333477186,14440.375663957777,0.11759935280509624,0.15325439705844657,0.15893113884693322,0.1636210486053889,-983778.2775391415,0.17154054132541274
0.05938359137088989,0.031002021946527347,0.08815221915177773,14461.172287722366,0.1178394543518929,0.1534796535054893,0.15915248793749293,0.16384604577351677,-985346.4297339572,0.17176257106186665
0.05896629142524934,0.030583401337387905,0.08775874307585729,14427.223481140245,0.117461538535716,0.15310931773059575,0.15878556061172666,0.16347765682756318,-982795.4565957449,0.17139740722271768
0.05898526772756785,0.030598081418249046,0.08776340167726016,14428.30170744739,0.11747666449499246,0.15312036010836488,0.15879447563186322,0.16348884775117922,-982880.0090313107,0.17140785814159964
0.05960472260150529,0.03122247881713902,0.08834311434113584,14480.945441340213,0.11804658094367258,0.15366840675969232,0.15934107191755642,0.16403014766452367,-986541.9109954163,0.17194445123437274
0.05908334713302421,0.030718186390966795,0.08786234288492212,14439.514441702238,0.11752688295312401,0.15321060339591658,0.15888436477267198,0.1635788517392584,-983516.779875854,0.1714953163721129
0.05949318511628787,0.031125469663573546,0.08825062955011675,14473.94476460517,0.11794520373111383,0.15357166815974843,0.15924411296564212,0.16393344166164092,-985889.082298534,0.1718483698575185
0.05975304447394736,0.031387066987831225,0.0884807216963106,14494.740236640777,0.1181758716551003,0.15379336675065766,0.15946252509617154,0.16415483872802564,-987419.8416727018,0.17206707356345785
0.059391134780593435,0.031023314300237526,0.08814021957106222,14464.502306092501,0.11786379095667776,0.1534859928455389,0.159151545682386,0.16385766990354358,-985487.0433586389,0.17177216058760536
0.059778445600725316,0.031425203007133806,0.08848847371858604,14492.394997381532,0.11818790675663705,0.1537849151622391,0.15944579888159371,0.16414743661705852,-987518.2576568285,0.17205532789624978
0.059292204664182835,0.030933013422523192,0.08799571005906004,14449.986249959678,0.11773660006917153,0.15333349133852983,0.1589936795231941,0.1637035570988109,-984552.3292884305,0.1716139840596248
0.05936314289529454,0.03100083050424851,0.08804180282050156,14452.489938030529,0.11779703423207072,0.15337181635273078,0.15902588172676668,0.16374387103752447,-984952.1023474094,0.1716503881120569
0.05918366768380445,0.030807454349368935,0.08788314307398015,14437.595661733518,0.11763764210895224,0.1532161942341434,0.15886976451378143,0.16359162938329821,-983948.9706187937,0.17149866501072464
0.0593825033224743,0.030990561815096296,0.08807392315984175,14453.531291181556,0.1178005636869717,0.1533878789575102,0.1590454478208959,0.16376079862657403,-985071.4541915515,0.17166711882758234
0.05946738366731841,0.031060411675503108,0.08813610503342251,14461.203174273149,0.11786275285130537,0.15346496735824106,0.1591233592805228,0.1638361648865685,-985526.6721931081,0.17174422421997004
0.05946171521969412,0.03104595121729381,0.0881182526816231,14458.502558212786,0.11784668237028754,0.15344173868579902,0.15909804403861227,0.16381522155859868,-985440.4119560309,0.17172169170302753
0.05932739972172418,0.030921189101806523,0.08802450216047353,14450.298669277094,0.11776257652715744,0.15335640044303547,0.15901627485250602,0.16373191431821457,-984848.5075435312,0.1716414763730929
0.05947228433452556,0.031052970499621746,0.08813606671291496,14461.903314563708,0.1179075102485732,0.15347868823138083,0.15913531575334827,0.16385485278862394,-985710.8875853373,0.17176379415184784
0.05925603160389292,0.03085180588070846,0.08794523029556045,14444.30410224694,0.11770517349694103,0.153288772395222,0.15894595918885568,0.163663388193193,-984394.988710491,0.1715737671709281
0.05952920897379832,0.03113229910609916,0.08820830481214792,14468.993584048876,0.11797129398890462,0.15355070144065117,0.15920900632389667,0.1639248094258789,-986130.7760418123,0.1718349629716076
0.059141768644536574,0.030722796265657992,0.0878401024586335,14438.19668042686,0.11761587051822837,0.1532020372898273,0.15886139141388134,0.16357830628224201,-983756.0496073579,0.17149102373716663
0.05922798582281963,0.030819293424347083,0.08793152826448436,14445.365713034087,0.11768178581699935,0.15327129090375358,0.1589314428820472,0.1636438157425756,-984187.6235205503,0.17155570182802948
0.05930152031206393,0.030902098432584846,0.08800835860656664,14451.477236752617,0.11773648390771764,0.15333919260663384,0.15899896678452397,0.16371093676170065,-984608.017123377,0.17162339599128074
0.059172632522654256,0.03079592369281625,0.08784433540272285,14438.387844733836,0.11760015708087854,0.15319225832859,0.1588469702470422,0.16356725496412108,-983724.4242001539,0.1714772740943482
0.059296435373576206,0.030922868171368023,0.08797399390852101,14451.020324107172,0.11775009883781734,0.15331323924297338,0.1589636594991326,0.16368860986392575,-984596.501697138,0.17159664679351117
0.059100294638077866,0.030740908240089126,0.08777792173518106,14434.041149954704,0.11758217429366953,0.1531187732359323,0.1587650635424911,0.16349652861021075,-983401.8755715778,0.17140303895819908
0.05867449248298895,0.03031911253692776,0.08737451479676361,14397.50900148142,0.11719591193429428,0.15273705256015419,0.15838503299794848,0.16311949766384698,-980850.0246582935,0.17102880852498414
0.05866540100496842,0.030311123597703715,0.08736838737491381,14400.747936249056,0.11724543816819302,0.15275381058675175,0.158396384252235,0.1631336474501462,-980918.5992669025,0.1710435068010594
0.059507796798825896,0.03119077345279142,0.08820268154552358,14472.112137318996,0.1180405535878977,0.15352232523582984,0.15916467925978683,0.16388968566808482,-985952.4733397281,0.17179394881359977
0.05938814317111851,0.031110752438189726,0.08809851484129394,14465.309227217353,0.11788440340061751,0.1534334377183176,0.15907358535502347,0.1638040727436102,-985414.3120365646,0.17170951623321884
0.05918760131815781,0.03090018060790445,0.08792047649942514,14448.425729199575,0.11771552634047602,0.15325333621811302,0.1588907650166851,0.16361972236748593,-984172.1988452747,0.17152600692985454
0.059049659428997425,0.03072921099508974,0.08772924666719573,14431.353416034952,0.11754592544529759,0.15308189461487673,0.15872084678835585,0.16345574532184476,-983124.3080309359,0.17136126983993472
0.05931492029418528,0.03097618211269082,0.08796292087929636,14452.242677714952,0.11779412937509753,0.1533106247572226,0.15894658833351505,0.16368226764740512,-984708.456926764,0.17158536322829876
0.05928754032676076,0.030958799308104634,0.08787150667058274,14440.477375592716,0.11777409375901912,0.15321161985702453,0.15882579690588128,0.16359447334092905,-984524.295674569,0.17148655882910024
0.05915033899732991,0.03081090652658991,0.08775773457486158,14434.310685499499,0.11767242760844217,0.1531179419640745,0.1587471922483641,0.16350184951708172,-983813.8327313513,0.17139849146655572
0.058385881647196346,0.030043200696665304,0.08702777857038702,14372.194369227438,0.1169580562344152,0.15241629615885216,0.1580486895763678,0.16280727917530122,-979117.9574927584,0.17070806991304358
